{
  "version": "V1.2",
  "dimensiones": {
    "D2_mm": 600.0,
    "D1_mm": 510.0,
    "ancho_rodete_mm": 230.0,
    "ancho_voluta_mm": 280.0,
    "eje_mm": 35.0,
    "cubo_exterior_mm": 80.0,
    "numero_alabes": 48,
    "espesor_alabe_mm": 1.2,
    "holgura_lengua_mm": 48.0,
    "altura_descarga_mm": 714.2857142857143,
    "radio_final_voluta_mm": 1062.2857142857142
  },
  "operacion": {
    "caudal_m3_s": 3.0,
    "caudal_m3_h": 10800.0,
    "presion_pa": 882.5985,
    "presion_mmh2o": 90.0,
    "rpm": 1100.0,
    "potencia_eje_kw": 4.860837207863217,
    "motor_kw": 5.5,
    "eficiencia_estatica": 0.5447200526931343,
    "masa_rotor_kg": 18.631874759692543
  },
  "geometria": {
    "contorno_alabe_mm": [
      [
        254.42776982955107,
        -0.1804234797025614
      ],
      [
        254.7986681836582,
        -1.2833568002343279
      ],
      [
        255.2111366054458,
        -2.3714272481588585
      ],
      [
        255.66458139142313,
        -3.443068664253153
      ],
      [
        256.1583498570743,
        -4.4967385371009625
      ],
      [
        256.6917312763263,
        -5.530920223370504
      ],
      [
        257.26395790456235,
        -6.544125130857744
      ],
      [
        257.87420608370667,
        -7.534894861153193
      ],
      [
        258.52159742779077,
        -8.501803308848011
      ],
      [
        259.2052000872948,
        -9.44345871425785
      ],
      [
        259.92403009044386,
        -10.358505666709693
      ],
      [
        260.6770527595279,
        -11.245627055508379
      ],
      [
        261.4631842002086,
        -12.103545965774309
      ],
      [
        262.2812928616671,
        -12.931027516423754
      ],
      [
        263.1302011653486,
        -13.726880637646039
      ],
      [
        264.0086871999588,
        -14.48995978531911
      ],
      [
        264.9154864802725,
        -15.219166589895984
      ],
      [
        265.84929376722266,
        -15.913451437388273
      ],
      [
        266.80876494665034,
        -16.571814980171574
      ],
      [
        267.79251896401115,
        -17.193309575437876
      ],
      [
        268.79913981225275,
        -17.777040649224322
      ],
      [
        269.8271785700039,
        -18.322167984055394
      ],
      [
        270.87515548713895,
        -18.827906928344593
      ],
      [
        271.94156211471744,
        -19.293529525815277
      ],
      [
        273.0248634762326,
        -19.718365563314514
      ],
      [
        274.12350027704326,
        -20.101803535512254
      ],
      [
        275.2358911488092,
        -20.443291525096747
      ],
      [
        276.36043492569894,
        -20.742337997199588
      ],
      [
        277.4955129490942,
        -20.998512506906764
      ],
      [
        278.6394913974731,
        -21.21144631883736
      ],
      [
        279.7907236381186,
        -21.380832937898088
      ],
      [
        280.94755259726793,
        -21.506428550449673
      ],
      [
        282.10831314528957,
        -21.588052375250097
      ],
      [
        283.27133449345723,
        -21.625586923669587
      ],
      [
        284.43494259886796,
        -21.618978168802727
      ],
      [
        285.597462574046,
        -21.568235623234283
      ],
      [
        286.7572210977604,
        -21.473432325346923
      ],
      [
        287.91254882359004,
        -21.334704734190385
      ],
      [
        289.06178278276565,
        -21.152252533063464
      ],
      [
        290.20326877783356,
        -20.926338342091636
      ],
      [
        291.3353637636926,
        -20.65728734021388
      ],
      [
        292.45643821257937,
        -20.345486797122955
      ],
      [
        293.56487845959646,
        -19.99138551583269
      ],
      [
        294.65908902540747,
        -19.59549318667484
      ],
      [
        295.73749491275686,
        -19.158379653655203
      ],
      [
        296.7985438735066,
        -18.680674094225072
      ],
      [
        297.8407086429295,
        -18.1630641136486
      ],
      [
        298.8624891380404,
        -17.606294755269765
      ],
      [
        299.8624146168029,
        -17.01116742810341
      ],
      [
        299.2292338301376,
        -15.991813666449515
      ],
      [
        298.26843067012265,
        -16.56365649743765
      ],
      [
        297.2866275763969,
        -17.0986421241585
      ],
      [
        296.2852377478698,
        -17.5960004929128
      ],
      [
        295.2657025764282,
        -18.055015710352034
      ],
      [
        294.22948957220876,
        -18.4750270739292
      ],
      [
        293.1780902512772,
        -18.855430022908266
      ],
      [
        292.1130179887524,
        -19.195677008563734
      ],
      [
        291.0358058404675,
        -19.49527828231757
      ],
      [
        289.94800433630274,
        -19.75380260067904
      ],
      [
        288.8511792483658,
        -19.970877845972915
      ],
      [
        287.74690933723303,
        -20.146191561962414
      ],
      [
        286.636784079495,
        -20.279491403596047
      ],
      [
        285.522401379878,
        -20.370585500230874
      ],
      [
        284.4053652712333,
        -20.419342731809476
      ],
      [
        283.2872836057062,
        -20.425692917593025
      ],
      [
        282.16976574040757,
        -20.389626917178862
      ],
      [
        281.0544202209193,
        -20.311196643657063
      ],
      [
        279.9428524659671,
        -20.190514988887223
      ],
      [
        278.8366624565953,
        -20.027755661002892
      ],
      [
        277.7374424331675,
        -19.823152934377543
      ],
      [
        276.64677460350936,
        -19.577001312412122
      ],
      [
        275.56622886549286,
        -19.289655103629304
      ],
      [
        274.49736054733853,
        -18.961527911684957
      ],
      [
        273.4417081688893,
        -18.593092040030534
      ],
      [
        272.40079122707834,
        -18.184877812083577
      ],
      [
        271.37610800877854,
        -17.737472807884785
      ],
      [
        270.369133434181,
        -17.25152101834035
      ],
      [
        269.38131693380774,
        -16.727721918266955
      ],
      [
        268.41408036221395,
        -16.166829459573872
      ],
      [
        267.4688159513826,
        -15.569650986030913
      ],
      [
        266.5468843067581,
        -14.937046071184948
      ],
      [
        265.6496124488021,
        -14.269925281096983
      ],
      [
        264.778291902892,
        -13.569248863681374
      ],
      [
        263.9341768403105,
        -12.836025366533168
      ],
      [
        263.1184822730018,
        -12.071310185233353
      ],
      [
        262.33238230469436,
        -11.276204044221686
      ],
      [
        261.57700844090607,
        -10.451851412423297
      ],
      [
        260.85344796026476,
        -9.599438855910059
      ],
      [
        260.1627423494887,
        -8.720193329967573
      ],
      [
        259.5058858042799,
        -7.81538041302632
      ],
      [
        258.8838237982871,
        -6.886302484999015
      ],
      [
        258.2974517221991,
        -5.9342968526461135
      ],
      [
        257.74761359492754,
        -4.960733824668044
      ],
      [
        257.2351008487329,
        -3.9670147392946618
      ],
      [
        256.76065119004375,
        -2.954569947211079
      ],
      [
        256.32494753760903,
        -1.9248567527232128
      ],
      [
        255.92861703951,
        -0.8793573161265719
      ],
      [
        255.57223017044893,
        0.1804234797025666
      ]
    ],