{
  "entradas": {
    "caudal_m3_s": 3.0,
    "altura_mmh2o": 90.0,
    "densidad_kg_m3": 1.2,
    "diametro_exterior_m": 0.6,
    "diametro_interior_m": 0.51,
    "ancho_rodete_m": 0.23,
    "rpm": 1100.0,
    "numero_alabes": 48,
    "espesor_alabe_m": 0.0012,
    "beta2_grados": 125.0,
    "diametro_cubo_m": 0.12,
    "numero_entradas": 2,
    "eficiencia_mecanica": 0.96,
    "velocidad_descarga_m_s": 15.0,
    "ancho_voluta_m": 0.28,
    "holgura_lengua_relativa": 0.08,
    "factor_servicio_eje": 1.5,
    "esfuerzo_cortante_admisible_pa": 30000000.0,
    "potencia_motor_kw": 5.5
  },
  "punto_operacion": {
    "presion_objetivo_pa": 882.5985,
    "caudal_m3_h": 10800.0,
    "velocidad_ojos_m_s": 7.773135193743362
  },
  "rodete": {
    "u1_m_s": 29.373891311064565,
    "cm1_m_s": 9.248018349760791,
    "beta1_grados": 17.475984929907526,
    "factor_bloqueo_1": 0.8802878084062852,
    "u2_m_s": 34.55751918948772,
    "cm2_m_s": 7.187919158863527,
    "cu2_m_s": 37.5091524458879,
    "factor_bloqueo_2": 0.9626958764411466,
    "factor_deslizamiento": 0.9397699264445112,
    "presion_euler_pa": 1555.4679065162295,
    "coeficiente_flujo_cm2_u2": 0.20799870266873982,
    "coeficiente_presion_estatica": 0.6158810241112388
  },
  "potencias": {
    "potencia_util_aire_kw": 2.6477954999999995,
    "potencia_euler_kw": 4.666403719548689,
    "potencia_eje_euler_kw": 4.860837207863217,
    "eficiencia_estatica_estimada": 0.5447200526931343,
    "potencia_motor_kw": 5.5,
    "margen_motor_relativo": 0.13149232628133078
  },
  "voluta": {
    "area_salida_m2": 0.2,
    "ancho_interior_m": 0.28,
    "altura_salida_m": 0.7142857142857143,
    "holgura_lengua_m": 0.048,
    "tabla": [
      {
        "angulo_grados": 0.0,
        "fraccion_caudal": 0.0,
        "area_m2": 0.013440000000000002,
        "altura_radial_m": 0.048,
        "radio_exterior_m": 0.348
      },
      {
        "angulo_grados": 45.0,
        "fraccion_caudal": 0.125,
        "area_m2": 0.03676,
        "altura_radial_m": 0.13128571428571428,
        "radio_exterior_m": 0.4312857142857143
      },
      {
        "angulo_grados": 90.0,
        "fraccion_caudal": 0.25,
        "area_m2": 0.06008,
        "altura_radial_m": 0.21457142857142855,
        "radio_exterior_m": 0.5145714285714286
      },
      {
        "angulo_grados": 135.0,
        "fraccion_caudal": 0.375,
        "area_m2": 0.0834,
        "altura_radial_m": 0.2978571428571428,
        "radio_exterior_m": 0.5978571428571429
      },
      {
        "angulo_grados": 180.0,
        "fraccion_caudal": 0.5,
        "area_m2": 0.10672000000000001,
        "altura_radial_m": 0.3811428571428571,
        "radio_exterior_m": 0.681142857142857
      },
      {
        "angulo_grados": 225.0,
        "fraccion_caudal": 0.625,
        "area_m2": 0.13004000000000002,
        "altura_radial_m": 0.46442857142857147,
        "radio_exterior_m": 0.7644285714285715
      },
      {
        "angulo_grados": 270.0,
        "fraccion_caudal": 0.75,
        "area_m2": 0.15336,
        "altura_radial_m": 0.5477142857142856,
        "radio_exterior_m": 0.8477142857142856
      },
      {
        "angulo_grados": 315.0,
        "fraccion_caudal": 0.875,
        "area_m2": 0.17668,
        "altura_radial_m": 0.631,
        "radio_exterior_m": 0.931
      },
      {
        "angulo_grados": 360.0,
        "fraccion_caudal": 1.0,
        "area_m2": 0.2,
        "altura_radial_m": 0.7142857142857143,
        "radio_exterior_m": 1.0142857142857142
      }
    ]
  },
  "perdidas": [
    {
      "componente": "entrada_y_bellmouth",
      "presion_pa": 7.250595688825398
    },
    {
      "componente": "pasajes_y_separacion",
      "presion_pa": 238.7784648723319
    },
    {
      "componente": "recirculacion_y_fugas",
      "presion_pa": 106.12376216548085
    },
    {
      "componente": "voluta_y_lengua",
      "presion_pa": 132.65470270685105
    },
    {
      "componente": "margen_modelo_1d",
      "presion_pa": 53.06188108274043
    },
    {
      "componente": "energia_cinetica_descarga",
      "presion_pa": 135.0
    }
  ],
  "mecanica": {
    "torque_nominal_nm": 42.197796501623884,
    "torque_diseno_nm": 63.296694752435826,
    "diametro_minimo_torsion_mm": 22.06700004555402,
    "diametro_eje_recomendado_mm": 30.0
  }
}