angulo_grados,fraccion_caudal,area_m2,altura_radial_m,radio_exterior_m
0.0,0.0,0.013440000000000002,0.048,0.348
45.0,0.125,0.03676,0.13128571428571428,0.4312857142857143
90.0,0.25,0.06008,0.21457142857142855,0.5145714285714286
135.0,0.375,0.0834,0.2978571428571428,0.5978571428571429
180.0,0.5,0.10672000000000001,0.3811428571428571,0.681142857142857
225.0,0.625,0.13004000000000002,0.46442857142857147,0.7644285714285715
270.0,0.75,0.15336,0.5477142857142856,0.8477142857142856
315.0,0.875,0.17668,0.631,0.931
360.0,1.0,0.2,0.7142857142857143,1.0142857142857142
